{
  "H3_left": {
    "image_width": 3000,
    "image_height": 2250,
    "sx": 1.0018491172000161,
    "tx": 2.0199458442709664,
    "ty": 9.952670170898207,
    "tz": 58.6894307233427,
    "f": -2.708689448955338,
    "R": [[ 0.69358669,  0.05336124,  -0.7183941],
          [ 0.13580093, -0.98883485,  0.06134937],
          [-0.70710192, -0.14011019, -0.69309163]]
  },

  "H3_right": {
    "image_width": 3000,
    "image_height": 2250,
    "sx": 1.0001142711887294,
    "tx": -1.6065117005016987,
    "ty": 8.054880536832522,
    "tz": 60.16429265514225,
    "f": -2.7729407250581732,
    "R": [[ 0.69863844,  0.03899342, -0.71441153],
          [ 0.14357909, -0.98561574,  0.08914402],
          [-0.70066037, -0.16485427, -0.69418882]]
  }
}
